{"cameraMode":{"drawMode":0,"name":"Shaded","section":"Shading Mode"},"sceneLighting":false,"audioPlay":false,"sceneViewState":{"m_AlwaysRefresh":false,"showFog":true,"showSkybox":false,"showFlares":true,"showImageEffects":true,"showParticleSystems":true,"showVisualEffectGraphs":true,"m_FxEnabled":true},"in2DMode":false,"pivot":{"x":1.703808307647705,"y":1.0833745002746583,"z":-2.255807399749756},"rotation":{"x":0.012667092494666577,"y":-0.5585992932319641,"z":0.008601662702858448,"w":0.8295314311981201},"size":0.1331859529018402,"orthographic":false}