{"cameraMode":{"drawMode":0,"name":"Shaded","section":"Shading Mode"},"sceneLighting":false,"audioPlay":false,"sceneViewState":{"m_AlwaysRefresh":false,"showFog":true,"showSkybox":false,"showFlares":true,"showImageEffects":true,"showParticleSystems":true,"showVisualEffectGraphs":true,"m_FxEnabled":true},"in2DMode":false,"pivot":{"x":0.004794789478182793,"y":-0.011216223239898682,"z":0.01798544079065323},"rotation":{"x":0.033730655908584598,"y":-0.9660811424255371,"z":0.19264593720436097,"w":0.1696765273809433},"size":0.08210643380880356,"orthographic":false}