{"cameraMode":{"drawMode":0,"name":"Shaded","section":"Shading Mode"},"sceneLighting":false,"audioPlay":false,"sceneViewState":{"m_AlwaysRefresh":false,"showFog":true,"showSkybox":false,"showFlares":true,"showImageEffects":true,"showParticleSystems":true,"showVisualEffectGraphs":true,"m_FxEnabled":true},"in2DMode":false,"pivot":{"x":-0.15929466485977174,"y":1.3993104696273804,"z":0.9400132894515991},"rotation":{"x":0.08312082290649414,"y":0.6097626686096191,"z":-0.06438189744949341,"w":0.7858743071556091},"size":2.5428998470306398,"orthographic":false}