{"cameraMode":{"drawMode":0,"name":"Shaded","section":"Shading Mode"},"sceneLighting":false,"audioPlay":false,"sceneViewState":{"m_AlwaysRefresh":false,"showFog":true,"showSkybox":false,"showFlares":true,"showImageEffects":true,"showParticleSystems":true,"showVisualEffectGraphs":true,"m_FxEnabled":true},"in2DMode":false,"pivot":{"x":0.6420767307281494,"y":0.4949685335159302,"z":0.36220505833625796},"rotation":{"x":0.13387331366539002,"y":-0.7663066983222961,"z":0.16968940198421479,"w":0.6054035425186157},"size":0.13163162767887116,"orthographic":false}