{"cameraMode":{"drawMode":0,"name":"Shaded","section":"Shading Mode"},"sceneLighting":true,"audioPlay":false,"sceneViewState":{"m_AlwaysRefresh":false,"showFog":true,"showSkybox":true,"showFlares":true,"showImageEffects":true,"showParticleSystems":true,"showVisualEffectGraphs":true,"m_FxEnabled":true},"in2DMode":false,"pivot":{"x":10.785554885864258,"y":-1.4211070537567139,"z":-0.15091800689697267},"rotation":{"x":0.06848598271608353,"y":0.755024254322052,"z":-0.09348595887422562,"w":0.6457530856132507},"size":5.609161853790283,"orthographic":false}