{"cameraMode":{"drawMode":0,"name":"Shaded","section":"Shading Mode"},"sceneLighting":true,"audioPlay":false,"sceneViewState":{"m_AlwaysRefresh":false,"showFog":true,"showSkybox":true,"showFlares":true,"showImageEffects":true,"showParticleSystems":true,"showVisualEffectGraphs":true,"m_FxEnabled":true},"in2DMode":false,"pivot":{"x":-0.09055665880441666,"y":1.5100804567337037,"z":2.8649208545684816},"rotation":{"x":-0.19376277923583985,"y":-0.7715713977813721,"z":0.27904683351516726,"w":-0.538467288017273},"size":0.06931453198194504,"orthographic":false}