{"cameraMode":{"drawMode":0,"name":"Shaded","section":"Shading Mode"},"sceneLighting":true,"audioPlay":false,"sceneViewState":{"m_AlwaysRefresh":false,"showFog":true,"showSkybox":true,"showFlares":true,"showImageEffects":true,"showParticleSystems":true,"showVisualEffectGraphs":true,"m_FxEnabled":true},"in2DMode":false,"pivot":{"x":-0.4914999008178711,"y":1.6438500881195069,"z":2.598813533782959},"rotation":{"x":0.1493995487689972,"y":0.7633979320526123,"z":-0.19054752588272096,"w":0.5992686748504639},"size":0.044237151741981509,"orthographic":false}