{"cameraMode":{"drawMode":0,"name":"Shaded","section":"Shading Mode"},"sceneLighting":true,"audioPlay":false,"sceneViewState":{"m_AlwaysRefresh":false,"showFog":true,"showSkybox":true,"showFlares":true,"showImageEffects":true,"showParticleSystems":true,"showVisualEffectGraphs":true,"m_FxEnabled":true},"in2DMode":false,"pivot":{"x":-0.8028199672698975,"y":0.7406008839607239,"z":0.8577585220336914},"rotation":{"x":0.14964288473129273,"y":-0.8045895099639893,"z":0.22994303703308106,"w":0.5273376107215881},"size":0.8660253882408142,"orthographic":false}