{"cameraMode":{"drawMode":0,"name":"Shaded","section":"Shading Mode"},"sceneLighting":true,"audioPlay":false,"sceneViewState":{"m_AlwaysRefresh":false,"showFog":true,"showSkybox":true,"showFlares":true,"showImageEffects":true,"showParticleSystems":true,"showVisualEffectGraphs":true,"m_FxEnabled":true},"in2DMode":false,"pivot":{"x":0.15609824657440186,"y":0.426422119140625,"z":1.4891300201416016},"rotation":{"x":-0.3291417360305786,"y":-0.11915858834981919,"z":0.040133778005838397,"w":-0.9363715052604675},"size":0.8660253882408142,"orthographic":false}